dataset,rouge1,rougeL
daily_dialog,0.06243497207710133,0.06243497207710133
empathetic,0.07690547444001183,0.06590495039105813
custom,0.0758269892248087,0.0758269892248087
