{
  "daily_dialog": {
    "rouge1": 0.06243497207710133,
    "rougeL": 0.06243497207710133
  },
  "empathetic": {
    "rouge1": 0.07690547444001183,
    "rougeL": 0.06590495039105813
  },
  "custom": {
    "rouge1": 0.0758269892248087,
    "rougeL": 0.0758269892248087
  }
}