{
  "daily_dialog": {
    "rouge1": 0.06875322542954121,
    "rougeL": 0.06875322542954121,
    "perplexity": 5340.03252307887
  },
  "empathetic": {
    "rouge1": 0.07850549939426223,
    "rougeL": 0.06863675829104494,
    "perplexity": 3583.8383936002765
  },
  "custom": {
    "rouge1": 0.07668413208195154,
    "rougeL": 0.07668413208195154,
    "perplexity": 1924.4809525356095
  }
}