dataset,rouge1,rougeL
daily_dialog,0.06875322542954121,0.06875322542954121
empathetic,0.07850549939426223,0.06863675829104494
custom,0.07668413208195154,0.07668413208195154
