{
  "satisfaction": 0.0006968641114982578,
  "disappointment": 0.0006493506493506494,
  "confusion": 0.0007272727272727273,
  "urgency": 0.0007142857142857142,
  "frustration": 0.000689655172413793
}