{
  "sentimental": 0.0008445945945945946,
  "afraid": 0.0002717391304347826,
  "proud": 0.00037650602409638556,
  "faithful": 0.0007621951219512195,
  "terrified": 0.00038580246913580245,
  "joyful": 0.0005482456140350878,
  "angry": 0.0004807692307692308,
  "sad": 0.0002920560747663551,
  "jealous": 0.0004528985507246377,
  "grateful": 0.0004222972972972973,
  "prepared": 0.0005040322580645161,
  "embarrassed": 0.0005580357142857143,
  "excited": 0.00030339805825242716,
  "annoyed": 0.0004166666666666667,
  "lonely": 0.000538793103448276,
  "ashamed": 0.0008223684210526315,
  "guilty": 0.0004166666666666667,
  "surprised": 0.00025,
  "nostalgic": 0.000512295081967213,
  "confident": 0.0004280821917808219,
  "furious": 0.0004734848484848485,
  "disappointed": 0.000496031746031746,
  "caring": 0.00078125,
  "trusting": 0.0015625,
  "disgusted": 0.0006793478260869565,
  "anticipating": 0.0008223684210526315,
  "anxious": 0.0006510416666666666,
  "hopeful": 0.0004734848484848485,
  "content": 0.001953125,
  "impressed": 0.0005681818181818183,
  "apprehensive": 0.000946969696969697,
  "devastated": 0.0005787037037037037
}